ingredient,reaction,a,b,c,d,grand,PRR,PRR_LCL,PRR_UCL,chi2,expected,result
CIPROFLOXACIN,TENDON RUPTURE,5,379,309,889388,890081,37.49060308791802,15.58283701186141,90.19829436872946,174.8202461002495,SIGNAL,PASS
METFORMIN,ALOPECIA,0,0,7441,882640,890081,59.805281193307806,8.422977455759675,424.6326999444678,29.15280577520021,NO SIGNAL,PASS
